e03b970bb8b75246.png,650
e0b447f9a4252571.png,132
e02d997b35e0b442.png,704
e0c61d59f84d37cf.png,484
e1eb18e3c44ac514.png,875
e1db6c0ddd408559.png,976
e4b30712d50cef1d.png,133
e1d0a5989d08d8d9.png,976
e2cb61a9e4485409.png,763
e1a7288ef3c4fcd7.png,914
e2f6b6de4686029c.png,443
e3fb28cd64b13ed5.png,595
e0e32cf5266cd521.png,672
df65608e84f96fed.png,820
df38456297fa9c94.png,472
e6ce7bdc752558f7.png,512
e4bd6dffe8b8001f.png,848
e6bea491b7b39c9d.png,923
e3deab462fb7c09b.png,896
e5a2371748adebab.png,735
